{
"lengthUnit": "mil",
"components": {
	"fields": ["COMPONENT_NO", "COMPONENT_NAME", "LAYER", "X_COORDINATE", "Y_COORDINATE", "ANGLE"],
	"rows": [
		[1, "32Mhz", "T", 489.5, -375.5, 0],
		[2, "ANTSWIGPIO", "T", 1632.67, -696.06, 90],
		[3, "BOOT", "T", 532.68, -1881.49, 0],
		[4, "C1", "T", 641.69, -827.92, 90],
		[5, "C2", "T", 725, -825, 90],
		[6, "C3", "T", 925.59, -793.31, 0],
		[7, "C4", "T", 925.2, -860.23, 180],
		[8, "C9", "T", 1059.09, -822.36, 90],
		[9, "C10", "T", 1168.43, -651.73, 180],
		[10, "C11", "T", 1171.26, -254.33, 90],
		[11, "C12", "T", 520.86, -215.84, 270],
		[12, "C13", "T", 861.81, -254.09, 90],
		[13, "C14", "T", 910.23, -327.95, 180],
		[14, "C15", "T", 910.23, -173.62, 180],
		[15, "C16", "T", 867.32, -22.83, 0],
		[16, "C17", "T", 888.69, 52.18, 90],
		[17, "C18", "T", 490, -740, 270],
		[18, "C19", "T", 485, -585, 270],
		[19, "C20", "T", 959.93, -1247.64, 270],
		[20, "C21", "T", 1199.93, -1255.59, 270],
		[21, "C22", "T", 1429.93, -1253.55, 270],
		[22, "C23", "T", 509.84, -1692.91, 90],
		[23, "C24", "T", 344.47, -1522.94, 90],
		[24, "C25", "T", 581.49, -1694.48, 90],
		[25, "C26", "T", 420.87, -1523.62, 90],
		[26, "C27", "T", 1873.85, -2016.52, 180],
		[27, "C28", "T", 1874.01, -2087, 180],
		[28, "C30", "T", 1535.82, -1735.82, 180],
		[29, "C31", "T", -450.32, -1653.61, 90],
		[30, "C32", "T", -345.27, -1650.78, 90],
		[31, "C35", "T", -201.57, -1935.43, 270],
		[32, "C36", "T", -223.82, -1509.41, 0],
		[33, "C37", "T", -61.42, -1511.81, 180],
		[34, "CH340N", "T", 1712.99, -1842.19, 0],
		[35, "esp32_32khz", "T", -142.91, -1615.35, 0],
		[36, "ESP32_BOOT", "T", 164.57, -1981.89, 270],
		[37, "ESP32_RST", "T", -51.18, -1988.58, 270],
		[38, "ESP32_UART", "T", -475.59, -2140.15, 180],
		[39, "ESP32JTAG", "T", -470.47, -1914.17, 0],
		[40, "F1", "T", 721.19, -1642.47, 180],
		[41, "KEY1_PA11", "T", 1305, -1390, 270],
		[42, "KEY2_PA9", "T", 1535, -1390, 270],
		[43, "L1", "T", 832.44, -827.44, 90],
		[44, "L2", "T", 900, -950, 0],
		[45, "L3", "T", 912.6, -253.54, 90],
		[46, "L4", "T", 889.37, -96.06, 90],
		[47, "LDO1", "T", 542.91, -1548.82, 0],
		[48, "LED_PB5", "T", 700.9, -1184.99, 270],
		[49, "MCU", "T", 917.72, -532.8, 180],
		[50, "POWER", "T", 842.92, -1184.99, 270],
		[51, "R1", "T", 1094.6, -1140.2, 180],
		[52, "R2", "T", 1335, -1140, 180],
		[53, "R3", "T", 842.92, -1349.88, 270],
		[54, "R5", "T", 704.21, -1349.73, 90],
		[55, "R6", "T", 1565, -1140, 180],
		[56, "R8", "T", 289.11, -1145.01, 0],
		[57, "R9", "T", 36.61, -598.82, 90],
		[58, "R10", "T", -91.73, -1758.5, 0],
		[59, "R11", "T", 268.5, -1846.06, 90],
		[60, "RF2", "T", 888.97, 332.28, 270],
		[61, "RSTN", "T", 1065, -1380, 270],
		[62, "SCREW1", "T", 2013.78, 339.37, 0],
		[63, "SCREW2", "T", -816.93, -2134.25, 0],
		[64, "SCREW3", "T", -793.76, 356.18, 0],
		[65, "SCREW4", "T", 2063.78, -2173.62, 0],
		[66, "STLINK", "T", 582.28, -2041.73, 0],
		[67, "U23", "T", 1651.97, -2144.88, 0],
		[68, "U25", "T", -166.93, -1066.14, 90],
		[69, "USART", "T", 584.25, -2207.87, 0],
		[70, "USB", "T", 1156.3, -1807.08, 0],
		[71, "wb0_32khz", "T", 385.63, -665.2, 270]
	]
},
"pins": {
	"fields": ["PIN_NO", "PIN_NAME", "PIN_X", "PIN_Y", "LAYER", "PIN_TYPE", "NET_NAME", "NET_TYPE", "PAD_SHAPE", "PAD_SIZEX", "PAD_SIZEY", "HOLE_SIZE", "PAD_ANGLE"],
	"rows": [
		[1, "32Mhz_1", 446.19, -408.97, "T", "SMD", "OSCIN", "", "R", 55.12, 47.24, 0, 0],
		[2, "32Mhz_2", 532.81, -408.97, "T", "SMD", "GND", "GND", "R", 55.12, 47.24, 0, 0],
		[3, "32Mhz_3", 532.81, -342.04, "T", "SMD", "OSCOUT", "", "R", 55.12, 47.24, 0, 0],
		[4, "32Mhz_4", 446.19, -342.04, "T", "SMD", "GND", "GND", "R", 55.12, 47.24, 0, 0],
		[5, "ANTSWIGPIO_1", 1632.67, -449.99, "T", "DIP", "VCC", "", "R", 60, 62.99, 43.31, 90],
		[6, "ANTSWIGPIO_1", 1632.67, -449.99, "B", "DIP", "VCC", "", "R", 60, 62.99, 43.31, 90],
		[7, "ANTSWIGPIO_2", 1632.67, -548.42, "T", "DIP", "GND", "GND", "C", 62.99, 62.99, 43.31, 90],
		[8, "ANTSWIGPIO_2", 1632.67, -548.42, "B", "DIP", "GND", "GND", "C", 62.99, 62.99, 43.31, 90],
		[9, "ANTSWIGPIO_3", 1632.67, -646.84, "T", "DIP", "ANT_ID_1/PB1", "", "C", 62.99, 62.99, 43.31, 90],
		[10, "ANTSWIGPIO_3", 1632.67, -646.84, "B", "DIP", "ANT_ID_1/PB1", "", "C", 62.99, 62.99, 43.31, 90],
		[11, "ANTSWIGPIO_4", 1632.67, -745.27, "T", "DIP", "ANT_ID_2/PB2", "", "C", 62.99, 62.99, 43.31, 90],
		[12, "ANTSWIGPIO_4", 1632.67, -745.27, "B", "DIP", "ANT_ID_2/PB2", "", "C", 62.99, 62.99, 43.31, 90],
		[13, "ANTSWIGPIO_5", 1632.67, -843.7, "T", "DIP", "ANT_ID_3/PB3", "", "C", 62.99, 62.99, 43.31, 90],
		[14, "ANTSWIGPIO_5", 1632.67, -843.7, "B", "DIP", "ANT_ID_3/PB3", "", "C", 62.99, 62.99, 43.31, 90],
		[15, "ANTSWIGPIO_6", 1632.67, -942.13, "T", "DIP", "ANT_ID_4/PB4", "", "C", 62.99, 62.99, 43.31, 90],
		[16, "ANTSWIGPIO_6", 1632.67, -942.13, "B", "DIP", "ANT_ID_4/PB4", "", "C", 62.99, 62.99, 43.31, 90],
		[17, "BOOT_1", 432.68, -1881.49, "T", "DIP", "VCC", "", "R", 66.93, 66.93, 43.31, 0],
		[18, "BOOT_1", 432.68, -1881.49, "B", "DIP", "VCC", "", "R", 66.93, 66.93, 43.31, 0],
		[19, "BOOT_2", 532.68, -1881.49, "T", "DIP", "PA10/BOOT", "", "C", 66.93, 66.93, 43.31, 0],
		[20, "BOOT_2", 532.68, -1881.49, "B", "DIP", "PA10/BOOT", "", "C", 66.93, 66.93, 43.31, 0],
		[21, "BOOT_3", 632.68, -1881.49, "T", "DIP", "GND", "GND", "C", 66.93, 66.93, 43.31, 0],
		[22, "BOOT_3", 632.68, -1881.49, "B", "DIP", "GND", "GND", "C", 66.93, 66.93, 43.31, 0],
		[23, "C1_1", 641.69, -855.48, "T", "SMD", "GND", "GND", "R", 31.5, 35.43, 0, 90],
		[24, "C1_2", 641.69, -800.36, "T", "SMD", "VCC", "", "R", 31.5, 35.43, 0, 90],
		[25, "C2_1", 725, -852.56, "T", "SMD", "GND", "GND", "R", 31.5, 35.43, 0, 90],
		[26, "C2_2", 725, -797.44, "T", "SMD", "VCC", "", "R", 31.5, 35.43, 0, 90],
		[27, "C3_1", 898.03, -793.31, "T", "SMD", "GND", "GND", "R", 31.5, 35.43, 0, 0],
		[28, "C3_2", 953.15, -793.31, "T", "SMD", "$1N1158", "", "R", 31.5, 35.43, 0, 0],
		[29, "C4_1", 952.76, -860.23, "T", "SMD", "$1N1158", "", "R", 31.5, 35.43, 0, 180],
		[30, "C4_2", 897.64, -860.23, "T", "SMD", "GND", "GND", "R", 31.5, 35.43, 0, 180],
		[31, "C9_1", 1059.09, -849.92, "T", "SMD", "GND", "GND", "R", 31.5, 35.43, 0, 90],
		[32, "C9_2", 1059.09, -794.8, "T", "SMD", "$1N1239", "", "R", 31.5, 35.43, 0, 90],
		[33, "C10_1", 1195.99, -651.73, "T", "SMD", "GND", "GND", "R", 31.5, 35.43, 0, 180],
		[34, "C10_2", 1140.87, -651.73, "T", "SMD", "VCC", "", "R", 31.5, 35.43, 0, 180],
		[35, "C11_1", 1171.26, -281.89, "T", "SMD", "VCC", "", "R", 31.5, 35.43, 0, 90],
		[36, "C11_2", 1171.26, -226.77, "T", "SMD", "GND", "GND", "R", 31.5, 35.43, 0, 90],
		[37, "C12_1", 520.86, -188.28, "T", "SMD", "GND", "GND", "R", 31.5, 35.43, 0, 270],
		[38, "C12_2", 520.86, -243.4, "T", "SMD", "VCC", "", "R", 31.5, 35.43, 0, 270],
		[39, "C13_1", 861.81, -275.55, "T", "SMD", "RF", "", "R", 31.11, 21.26, 0, 90],
		[40, "C13_2", 861.81, -232.63, "T", "SMD", "$1N2134", "", "R", 31.11, 21.26, 0, 90],
		[41, "C14_1", 931.69, -327.95, "T", "SMD", "GND", "GND", "R", 31.11, 21.26, 0, 180],
		[42, "C14_2", 888.77, -327.95, "T", "SMD", "RF", "", "R", 31.11, 21.26, 0, 180],
		[43, "C15_1", 931.69, -173.62, "T", "SMD", "GND", "GND", "R", 31.11, 21.26, 0, 180],
		[44, "C15_2", 888.77, -173.62, "T", "SMD", "$1N2134", "", "R", 31.11, 21.26, 0, 180],
		[45, "C16_1", 845.86, -22.83, "T", "SMD", "GND", "GND", "R", 31.11, 21.26, 0, 0],
		[46, "C16_2", 888.78, -22.83, "T", "SMD", "$1N2129", "", "R", 31.11, 21.26, 0, 0],
		[47, "C17_1", 888.69, 30.72, "T", "SMD", "$1N2129", "", "R", 31.11, 21.26, 0, 90],
		[48, "C17_2", 888.69, 73.64, "T", "SMD", "$1N2136", "", "R", 31.11, 21.26, 0, 90],
		[49, "C18_1", 490, -712.44, "T", "SMD", "OSC32OUT", "", "R", 31.5, 35.43, 0, 270],
		[50, "C18_2", 490, -767.56, "T", "SMD", "GND", "GND", "R", 31.5, 35.43, 0, 270],
		[51, "C19_1", 485, -557.44, "T", "SMD", "GND", "GND", "R", 31.5, 35.43, 0, 270],
		[52, "C19_2", 485, -612.56, "T", "SMD", "OSC32IN", "", "R", 31.5, 35.43, 0, 270],
		[53, "C20_1", 959.93, -1220.08, "T", "SMD", "RSTN", "", "R", 31.5, 35.43, 0, 270],
		[54, "C20_2", 959.93, -1275.2, "T", "SMD", "GND", "GND", "R", 31.5, 35.43, 0, 270],
		[55, "C21_1", 1199.93, -1228.03, "T", "SMD", "PA11", "", "R", 31.5, 35.43, 0, 270],
		[56, "C21_2", 1199.93, -1283.15, "T", "SMD", "GND", "GND", "R", 31.5, 35.43, 0, 270],
		[57, "C22_1", 1429.93, -1225.99, "T", "SMD", "PA9", "", "R", 31.5, 35.43, 0, 270],
		[58, "C22_2", 1429.93, -1281.11, "T", "SMD", "GND", "GND", "R", 31.5, 35.43, 0, 270],
		[59, "C23_1", 509.84, -1720.47, "T", "SMD", "GND", "GND", "R", 31.5, 35.43, 0, 90],
		[60, "C23_2", 509.84, -1665.35, "T", "SMD", "+5VOUT", "", "R", 31.5, 35.43, 0, 90],
		[61, "C24_1", 344.47, -1550.5, "T", "SMD", "GND", "GND", "R", 31.5, 35.43, 0, 90],
		[62, "C24_2", 344.47, -1495.38, "T", "SMD", "VCC", "", "R", 31.5, 35.43, 0, 90],
		[63, "C25_1", 581.49, -1722.04, "T", "SMD", "GND", "GND", "R", 31.5, 35.43, 0, 90],
		[64, "C25_2", 581.49, -1666.92, "T", "SMD", "+5VOUT", "", "R", 31.5, 35.43, 0, 90],
		[65, "C26_1", 420.87, -1551.18, "T", "SMD", "GND", "GND", "R", 31.5, 35.43, 0, 90],
		[66, "C26_2", 420.87, -1496.06, "T", "SMD", "VCC", "", "R", 31.5, 35.43, 0, 90],
		[67, "C27_1", 1901.41, -2016.52, "T", "SMD", "GND", "GND", "R", 31.5, 35.43, 0, 180],
		[68, "C27_2", 1846.29, -2016.52, "T", "SMD", "+5VIN", "", "R", 31.5, 35.43, 0, 180],
		[69, "C28_1", 1901.57, -2087, "T", "SMD", "GND", "GND", "R", 31.5, 35.43, 0, 180],
		[70, "C28_2", 1846.45, -2087, "T", "SMD", "+5VIN", "", "R", 31.5, 35.43, 0, 180],
		[71, "C30_1", 1563.38, -1735.82, "T", "SMD", "$1N5752", "", "R", 31.5, 35.43, 0, 180],
		[72, "C30_2", 1508.26, -1735.82, "T", "SMD", "GND", "GND", "R", 31.5, 35.43, 0, 180],
		[73, "C31_1", -450.32, -1681.17, "T", "SMD", "GND", "GND", "R", 31.5, 35.43, 0, 90],
		[74, "C31_2", -450.32, -1626.05, "T", "SMD", "VCC", "", "R", 31.5, 35.43, 0, 90],
		[75, "C32_1", -345.27, -1678.34, "T", "SMD", "GND", "GND", "R", 31.5, 35.43, 0, 90],
		[76, "C32_2", -345.27, -1623.22, "T", "SMD", "VCC", "", "R", 31.5, 35.43, 0, 90],
		[77, "C35_1", -201.57, -1907.87, "T", "SMD", "EN", "", "R", 31.5, 35.43, 0, 270],
		[78, "C35_2", -201.57, -1962.99, "T", "SMD", "GND", "GND", "R", 31.5, 35.43, 0, 270],
		[79, "C36_1", -251.38, -1509.41, "T", "SMD", "GND", "GND", "R", 31.5, 35.43, 0, 0],
		[80, "C36_2", -196.26, -1509.41, "T", "SMD", "$2N5391", "", "R", 31.5, 35.43, 0, 0],
		[81, "C37_1", -33.86, -1511.81, "T", "SMD", "GND", "GND", "R", 31.5, 35.43, 0, 180],
		[82, "C37_2", -88.98, -1511.81, "T", "SMD", "$2N5390", "", "R", 31.5, 35.43, 0, 180],
		[83, "CH340N_1", 1637.99, -1947.8, "T", "SMD", "D+", "", "O", 24.8, 73.42, 0, 0],
		[84, "CH340N_2", 1687.99, -1947.8, "T", "SMD", "D-", "", "O", 24.8, 73.42, 0, 0],
		[85, "CH340N_3", 1737.99, -1947.8, "T", "SMD", "GND", "GND", "O", 24.8, 73.42, 0, 0],
		[86, "CH340N_4", 1787.99, -1947.8, "T", "SMD", "CH340N_4", "", "O", 24.8, 73.42, 0, 0],
		[87, "CH340N_5", 1787.99, -1736.58, "T", "SMD", "+5VIN", "", "O", 24.8, 73.42, 0, 0],
		[88, "CH340N_6", 1737.99, -1736.58, "T", "SMD", "PA1/USART1TX", "", "O", 24.8, 73.42, 0, 0],
		[89, "CH340N_7", 1687.99, -1736.58, "T", "SMD", "PB0/USART1RX", "", "O", 24.8, 73.42, 0, 0],
		[90, "CH340N_8", 1637.99, -1736.58, "T", "SMD", "$1N5752", "", "O", 24.8, 73.42, 0, 0],
		[91, "esp32_32khz_1", -193.11, -1615.35, "T", "SMD", "$2N5391", "", "R", 41.34, 66.93, 0, 0],
		[92, "esp32_32khz_2", -92.71, -1615.35, "T", "SMD", "$2N5390", "", "R", 41.34, 66.93, 0, 0],
		[93, "ESP32_BOOT_1", 164.57, -1824.41, "T", "SMD", "IO0", "", "R", 74.8, 59.05, 0, 270],
		[94, "ESP32_BOOT_2", 164.57, -2139.37, "T", "SMD", "GND", "GND", "R", 74.8, 59.05, 0, 270],
		[95, "ESP32_RST_1", -51.18, -1831.1, "T", "SMD", "EN", "", "R", 74.8, 59.05, 0, 270],
		[96, "ESP32_RST_2", -51.18, -2146.06, "T", "SMD", "GND", "GND", "R", 74.8, 59.05, 0, 270],
		[97, "ESP32_UART_1", -325.59, -2140.15, "T", "DIP", "GND", "GND", "R", 66.93, 66.93, 43.31, 180],
		[98, "ESP32_UART_1", -325.59, -2140.15, "B", "DIP", "GND", "GND", "R", 66.93, 66.93, 43.31, 180],
		[99, "ESP32_UART_2", -425.59, -2140.15, "T", "DIP", "RX", "", "C", 66.93, 66.93, 43.31, 180],
		[100, "ESP32_UART_2", -425.59, -2140.15, "B", "DIP", "RX", "", "C", 66.93, 66.93, 43.31, 180],
		[101, "ESP32_UART_3", -525.59, -2140.15, "T", "DIP", "TX", "", "C", 66.93, 66.93, 43.31, 180],
		[102, "ESP32_UART_3", -525.59, -2140.15, "B", "DIP", "TX", "", "C", 66.93, 66.93, 43.31, 180],
		[103, "ESP32_UART_4", -625.59, -2140.15, "T", "DIP", "VCC", "", "C", 66.93, 66.93, 43.31, 180],
		[104, "ESP32_UART_4", -625.59, -2140.15, "B", "DIP", "VCC", "", "C", 66.93, 66.93, 43.31, 180],
		[105, "ESP32JTAG_1", -620.47, -1914.17, "T", "DIP", "TMS", "", "R", 66.93, 66.93, 43.31, 0],
		[106, "ESP32JTAG_1", -620.47, -1914.17, "B", "DIP", "TMS", "", "R", 66.93, 66.93, 43.31, 0],
		[107, "ESP32JTAG_2", -520.47, -1914.17, "T", "DIP", "TDI", "", "C", 66.93, 66.93, 43.31, 0],
		[108, "ESP32JTAG_2", -520.47, -1914.17, "B", "DIP", "TDI", "", "C", 66.93, 66.93, 43.31, 0],
		[109, "ESP32JTAG_3", -420.47, -1914.17, "T", "DIP", "TDO", "", "C", 66.93, 66.93, 43.31, 0],
		[110, "ESP32JTAG_3", -420.47, -1914.17, "B", "DIP", "TDO", "", "C", 66.93, 66.93, 43.31, 0],
		[111, "ESP32JTAG_4", -320.47, -1914.17, "T", "DIP", "TCK", "", "C", 66.93, 66.93, 43.31, 0],
		[112, "ESP32JTAG_4", -320.47, -1914.17, "B", "DIP", "TCK", "", "C", 66.93, 66.93, 43.31, 0],
		[113, "F1_1", 778.08, -1642.47, "T", "SMD", "+5VIN", "", "R", 46.85, 68.03, 0, 180],
		[114, "F1_2", 664.3, -1642.47, "T", "SMD", "+5VOUT", "", "R", 46.85, 68.03, 0, 180],
		[115, "KEY1_PA11_1", 1305, -1232.52, "T", "SMD", "PA11", "", "R", 74.8, 59.05, 0, 270],
		[116, "KEY1_PA11_2", 1305, -1547.48, "T", "SMD", "GND", "GND", "R", 74.8, 59.05, 0, 270],
		[117, "KEY2_PA9_1", 1535, -1232.52, "T", "SMD", "PA9", "", "R", 74.8, 59.05, 0, 270],
		[118, "KEY2_PA9_2", 1535, -1547.48, "T", "SMD", "GND", "GND", "R", 74.8, 59.05, 0, 270],
		[119, "L1_1", 832.44, -799.88, "T", "SMD", "$1N1172", "", "R", 31.5, 34.02, 0, 270],
		[120, "L1_2", 832.44, -855, "T", "SMD", "$1N1170", "", "R", 31.5, 34.02, 0, 270],
		[121, "L2_1", 861.96, -950, "T", "SMD", "$1N1170", "", "R", 44.59, 54.21, 0, 0],
		[122, "L2_2", 938.04, -950, "T", "SMD", "$1N1158", "", "R", 44.59, 54.21, 0, 0],
		[123, "L3_1", 912.6, -275, "T", "SMD", "RF", "", "R", 31.11, 21.26, 0, 90],
		[124, "L3_2", 912.6, -232.08, "T", "SMD", "$1N2134", "", "R", 31.11, 21.26, 0, 90],
		[125, "L4_1", 889.37, -117.52, "T", "SMD", "$1N2134", "", "R", 31.11, 21.26, 0, 90],
		[126, "L4_2", 889.37, -74.6, "T", "SMD", "$1N2129", "", "R", 31.11, 21.26, 0, 90],
		[127, "LDO1_1", 505.51, -1594.24, "T", "SMD", "+5VOUT", "", "R", 19.29, 45.55, 0, 0],
		[128, "LDO1_2", 542.91, -1594.24, "T", "SMD", "GND", "GND", "R", 19.29, 45.55, 0, 0],
		[129, "LDO1_3", 580.31, -1594.24, "T", "SMD", "+5VOUT", "", "R", 19.29, 45.55, 0, 0],
		[130, "LDO1_4", 580.31, -1503.4, "T", "SMD", "LDO1_4", "", "R", 19.29, 46.26, 0, 0],
		[131, "LDO1_5", 505.51, -1503.4, "T", "SMD", "VCC", "", "R", 19.29, 46.26, 0, 0],
		[132, "LED_PB5_1", 700.9, -1141.68, "T", "SMD", "PB5", "", "R", 39.37, 49.21, 0, 90],
		[133, "LED_PB5_2", 700.9, -1228.3, "T", "SMD", "$1N2801", "", "R", 39.37, 49.21, 0, 90],
		[134, "MCU_1", 1012.21, -601.69, "T", "SMD", "ANT_ID_3/PB3", "", "R", 23.62, 11.02, 0, 180],
		[135, "MCU_2", 1012.21, -582.01, "T", "SMD", "ANT_ID_2/PB2", "", "R", 23.62, 11.02, 0, 180],
		[136, "MCU_3", 1012.21, -562.32, "T", "SMD", "ANT_ID_1/PB1", "", "R", 23.62, 11.02, 0, 180],
		[137, "MCU_4", 1012.21, -542.64, "T", "SMD", "PB0/USART1RX", "", "R", 23.62, 11.02, 0, 180],
		[138, "MCU_5", 1012.21, -522.95, "T", "SMD", "PA3/SWCLK", "", "R", 23.62, 11.02, 0, 180],
		[139, "MCU_6", 1012.21, -503.27, "T", "SMD", "PA2/SWDIO", "", "R", 23.62, 11.02, 0, 180],
		[140, "MCU_7", 1012.21, -483.58, "T", "SMD", "PA1/USART1TX", "", "R", 23.62, 11.02, 0, 180],
		[141, "MCU_8", 1012.21, -463.9, "T", "SMD", "MCU_8", "", "R", 23.62, 11.02, 0, 180],
		[142, "MCU_9", 986.62, -438.31, "T", "SMD", "MCU_9", "", "R", 11.02, 23.62, 0, 180],
		[143, "MCU_10", 966.94, -438.31, "T", "SMD", "PA9", "", "R", 11.02, 23.62, 0, 180],
		[144, "MCU_11", 947.25, -438.31, "T", "SMD", "PA10/BOOT", "", "R", 11.02, 23.62, 0, 180],
		[145, "MCU_12", 927.57, -438.31, "T", "SMD", "PA11", "", "R", 11.02, 23.62, 0, 180],
		[146, "MCU_13", 907.88, -438.31, "T", "SMD", "VCC", "", "R", 11.02, 23.62, 0, 180],
		[147, "MCU_14", 888.2, -438.31, "T", "SMD", "RF", "", "R", 11.02, 23.62, 0, 180],
		[148, "MCU_15", 868.51, -438.31, "T", "SMD", "VCC", "", "R", 11.02, 23.62, 0, 180],
		[149, "MCU_16", 848.83, -438.31, "T", "SMD", "OSCOUT", "", "R", 11.02, 23.62, 0, 180],
		[150, "MCU_17", 823.23, -463.9, "T", "SMD", "OSCIN", "", "R", 23.62, 11.02, 0, 180],
		[151, "MCU_18", 823.23, -483.58, "T", "SMD", "MCU_18", "", "R", 23.62, 11.02, 0, 180],
		[152, "MCU_19", 823.23, -503.27, "T", "SMD", "ESP32SDA", "", "R", 23.62, 11.02, 0, 180],
		[153, "MCU_20", 823.23, -522.95, "T", "SMD", "OSC32IN", "", "R", 23.62, 11.02, 0, 180],
		[154, "MCU_21", 823.23, -542.64, "T", "SMD", "OSC32OUT", "", "R", 23.62, 11.02, 0, 180],
		[155, "MCU_22", 823.23, -562.32, "T", "SMD", "MCU_22", "", "R", 23.62, 11.02, 0, 180],
		[156, "MCU_23", 823.23, -582.01, "T", "SMD", "ESP32SCL", "", "R", 23.62, 11.02, 0, 180],
		[157, "MCU_24", 823.23, -601.69, "T", "SMD", "VCC", "", "R", 23.62, 11.02, 0, 180],
		[158, "MCU_25", 848.83, -627.29, "T", "SMD", "$1N1172", "", "R", 11.02, 23.62, 0, 180],
		[159, "MCU_26", 868.51, -627.29, "T", "SMD", "GND", "GND", "R", 11.02, 23.62, 0, 180],
		[160, "MCU_27", 888.2, -627.29, "T", "SMD", "$1N1158", "", "R", 11.02, 23.62, 0, 180],
		[161, "MCU_28", 907.88, -627.29, "T", "SMD", "$1N1239", "", "R", 11.02, 23.62, 0, 180],
		[162, "MCU_29", 927.57, -627.29, "T", "SMD", "RSTN", "", "R", 11.02, 23.62, 0, 180],
		[163, "MCU_30", 947.25, -627.29, "T", "SMD", "PB5", "", "R", 11.02, 23.62, 0, 180],
		[164, "MCU_31", 966.94, -627.29, "T", "SMD", "ANT_ID_4/PB4", "", "R", 11.02, 23.62, 0, 180],
		[165, "MCU_32", 986.62, -627.29, "T", "SMD", "VCC", "", "R", 11.02, 23.62, 0, 180],
		[166, "MCU_33", 917.73, -532.8, "T", "SMD", "GND", "GND", "R", 145.67, 145.67, 0, 180],
		[167, "POWER_1", 842.93, -1141.68, "T", "SMD", "GND", "GND", "R", 39.37, 49.21, 0, 90],
		[168, "POWER_2", 842.93, -1228.3, "T", "SMD", "$1N2700", "", "R", 39.37, 49.21, 0, 90],
		[169, "R1_1", 1124.26, -1140.2, "T", "SMD", "VCC", "", "R", 31.75, 34.02, 0, 180],
		[170, "R1_2", 1064.94, -1140.2, "T", "SMD", "RSTN", "", "R", 31.75, 34.02, 0, 180],
		[171, "R2_1", 1364.66, -1140, "T", "SMD", "VCC", "", "R", 31.75, 34.02, 0, 180],
		[172, "R2_2", 1305.34, -1140, "T", "SMD", "PA11", "", "R", 31.75, 34.02, 0, 180],
		[173, "R3_1", 842.92, -1320.22, "T", "SMD", "$1N2700", "", "R", 31.75, 34.02, 0, 270],
		[174, "R3_2", 842.92, -1379.54, "T", "SMD", "VCC", "", "R", 31.75, 34.02, 0, 270],
		[175, "R5_1", 704.21, -1379.39, "T", "SMD", "VCC", "", "R", 31.75, 34.02, 0, 90],
		[176, "R5_2", 704.21, -1320.07, "T", "SMD", "$1N2801", "", "R", 31.75, 34.02, 0, 90],
		[177, "R6_1", 1594.66, -1140, "T", "SMD", "VCC", "", "R", 31.75, 34.02, 0, 180],
		[178, "R6_2", 1535.34, -1140, "T", "SMD", "PA9", "", "R", 31.75, 34.02, 0, 180],
		[179, "R8_1", 259.45, -1145.01, "T", "SMD", "ESP32SDA", "", "R", 31.75, 34.02, 0, 0],
		[180, "R8_2", 318.77, -1145.01, "T", "SMD", "VCC", "", "R", 31.75, 34.02, 0, 0],
		[181, "R9_1", 36.61, -628.48, "T", "SMD", "ESP32SCL", "", "R", 31.75, 34.02, 0, 90],
		[182, "R9_2", 36.61, -569.16, "T", "SMD", "VCC", "", "R", 31.75, 34.02, 0, 90],
		[183, "R10_1", -121.39, -1758.5, "T", "SMD", "VCC", "", "R", 31.75, 34.02, 0, 0],
		[184, "R10_2", -62.07, -1758.5, "T", "SMD", "EN", "", "R", 31.75, 34.02, 0, 0],
		[185, "R11_1", 268.5, -1875.72, "T", "SMD", "VCC", "", "R", 31.75, 34.02, 0, 90],
		[186, "R11_2", 268.5, -1816.4, "T", "SMD", "IO0", "", "R", 31.75, 34.02, 0, 90],
		[187, "RF2_1", 788.97, 432.28, "T", "DIP", "GND", "GND", "C", 90.55, 90.55, 51.18, 270],
		[188, "RF2_1", 788.97, 432.28, "B", "DIP", "GND", "GND", "C", 90.55, 90.55, 51.18, 270],
		[189, "RF2_2", 988.97, 432.28, "T", "DIP", "GND", "GND", "C", 90.55, 90.55, 51.18, 270],
		[190, "RF2_2", 988.97, 432.28, "B", "DIP", "GND", "GND", "C", 90.55, 90.55, 51.18, 270],
		[191, "RF2_3", 988.97, 232.28, "T", "DIP", "GND", "GND", "C", 90.55, 90.55, 51.18, 270],
		[192, "RF2_3", 988.97, 232.28, "B", "DIP", "GND", "GND", "C", 90.55, 90.55, 51.18, 270],
		[193, "RF2_4", 788.97, 232.28, "T", "DIP", "GND", "GND", "C", 90.55, 90.55, 51.18, 270],
		[194, "RF2_4", 788.97, 232.28, "B", "DIP", "GND", "GND", "C", 90.55, 90.55, 51.18, 270],
		[195, "RF2_5", 888.97, 332.28, "T", "DIP", "$1N2136", "", "C", 90.55, 90.55, 51.18, 270],
		[196, "RF2_5", 888.97, 332.28, "B", "DIP", "$1N2136", "", "C", 90.55, 90.55, 51.18, 270],
		[197, "RSTN_1", 1065, -1222.52, "T", "SMD", "RSTN", "", "R", 74.8, 59.05, 0, 270],
		[198, "RSTN_2", 1065, -1537.48, "T", "SMD", "GND", "GND", "R", 74.8, 59.05, 0, 270],
		[199, "SCREW1_1", 2013.78, 339.37, "T", "DIP", "GND", "GND", "C", 78.74, 78.74, 78.74, 0],
		[200, "SCREW1_1", 2013.78, 339.37, "B", "DIP", "GND", "GND", "C", 78.74, 78.74, 78.74, 0],
		[201, "SCREW2_1", -816.93, -2134.25, "T", "DIP", "GND", "GND", "C", 78.74, 78.74, 78.74, 0],
		[202, "SCREW2_1", -816.93, -2134.25, "B", "DIP", "GND", "GND", "C", 78.74, 78.74, 78.74, 0],
		[203, "SCREW3_1", -793.76, 356.18, "T", "DIP", "GND", "GND", "C", 78.74, 78.74, 78.74, 0],
		[204, "SCREW3_1", -793.76, 356.18, "B", "DIP", "GND", "GND", "C", 78.74, 78.74, 78.74, 0],
		[205, "SCREW4_1", 2063.78, -2173.62, "T", "DIP", "GND", "GND", "C", 78.74, 78.74, 78.74, 0],
		[206, "SCREW4_1", 2063.78, -2173.62, "B", "DIP", "GND", "GND", "C", 78.74, 78.74, 78.74, 0],
		[207, "STLINK_1", 432.28, -2041.73, "T", "DIP", "VCC", "", "R", 66.93, 66.93, 43.31, 0],
		[208, "STLINK_1", 432.28, -2041.73, "B", "DIP", "VCC", "", "R", 66.93, 66.93, 43.31, 0],
		[209, "STLINK_2", 532.28, -2041.73, "T", "DIP", "PA3/SWCLK", "", "C", 66.93, 66.93, 43.31, 0],
		[210, "STLINK_2", 532.28, -2041.73, "B", "DIP", "PA3/SWCLK", "", "C", 66.93, 66.93, 43.31, 0],
		[211, "STLINK_3", 632.28, -2041.73, "T", "DIP", "PA2/SWDIO", "", "C", 66.93, 66.93, 43.31, 0],
		[212, "STLINK_3", 632.28, -2041.73, "B", "DIP", "PA2/SWDIO", "", "C", 66.93, 66.93, 43.31, 0],
		[213, "STLINK_4", 732.28, -2041.73, "T", "DIP", "GND", "GND", "C", 66.93, 66.93, 43.31, 0],
		[214, "STLINK_4", 732.28, -2041.73, "B", "DIP", "GND", "GND", "C", 66.93, 66.93, 43.31, 0],
		[215, "U23_1", 1583.07, -2144.88, "T", "DIP", "+5VIN", "", "C", 70.87, 70.87, 43.31, 0],
		[216, "U23_1", 1583.07, -2144.88, "B", "DIP", "+5VIN", "", "C", 70.87, 70.87, 43.31, 0],
		[217, "U23_2", 1720.86, -2144.88, "T", "DIP", "GND", "GND", "C", 70.87, 70.87, 43.31, 0],
		[218, "U23_2", 1720.86, -2144.88, "B", "DIP", "GND", "GND", "C", 70.87, 70.87, 43.31, 0],
		[219, "U25_1", -517.12, -1410.63, "T", "SMD", "GND", "GND", "R", 59.05, 35.43, 0, 90],
		[220, "U25_2", -467.12, -1410.63, "T", "SMD", "VCC", "", "R", 59.05, 35.43, 0, 90],
		[221, "U25_3", -417.12, -1410.63, "T", "SMD", "EN", "", "R", 59.05, 35.43, 0, 90],
		[222, "U25_4", -367.12, -1410.63, "T", "SMD", "U25_4", "", "R", 59.05, 35.43, 0, 90],
		[223, "U25_5", -317.12, -1410.63, "T", "SMD", "U25_5", "", "R", 59.05, 35.43, 0, 90],
		[224, "U25_6", -267.12, -1410.63, "T", "SMD", "U25_6", "", "R", 59.05, 35.43, 0, 90],
		[225, "U25_7", -217.12, -1410.63, "T", "SMD", "U25_7", "", "R", 59.05, 35.43, 0, 90],
		[226, "U25_8", -167.12, -1410.63, "T", "SMD", "$2N5391", "", "R", 59.05, 35.43, 0, 90],
		[227, "U25_9", -117.12, -1410.63, "T", "SMD", "$2N5390", "", "R", 59.05, 35.43, 0, 90],
		[228, "U25_10", -67.12, -1410.63, "T", "SMD", "U25_10", "", "R", 59.05, 35.43, 0, 90],
		[229, "U25_11", -17.12, -1410.63, "T", "SMD", "U25_11", "", "R", 59.05, 35.43, 0, 90],
		[230, "U25_12", 32.88, -1410.63, "T", "SMD", "U25_12", "", "R", 59.05, 35.43, 0, 90],
		[231, "U25_13", 82.88, -1410.63, "T", "SMD", "U25_13", "", "R", 59.05, 35.43, 0, 90],
		[232, "U25_14", 132.88, -1410.63, "T", "SMD", "U25_14", "", "R", 59.05, 35.43, 0, 90],
		[233, "U25_15", 183.27, -1341.14, "T", "SMD", "ESP32SDA", "", "R", 59.05, 35.43, 0, 180],
		[234, "U25_16", 183.27, -1291.14, "T", "SMD", "U25_16", "", "R", 59.05, 35.43, 0, 180],
		[235, "U25_17", 183.27, -1241.14, "T", "SMD", "U25_17", "", "R", 59.05, 35.43, 0, 180],
		[236, "U25_18", 183.27, -1191.14, "T", "SMD", "U25_18", "", "R", 59.05, 35.43, 0, 180],
		[237, "U25_19", 183.27, -1141.14, "T", "SMD", "U25_19", "", "R", 59.05, 35.43, 0, 180],
		[238, "U25_20", 183.27, -1091.14, "T", "SMD", "U25_20", "", "R", 59.05, 35.43, 0, 180],
		[239, "U25_21", 183.27, -1041.14, "T", "SMD", "U25_21", "", "R", 59.05, 35.43, 0, 180],
		[240, "U25_22", 183.27, -991.14, "T", "SMD", "U25_22", "", "R", 59.05, 35.43, 0, 180],
		[241, "U25_23", 183.27, -941.14, "T", "SMD", "U25_23", "", "R", 59.05, 35.43, 0, 180],
		[242, "U25_24", 183.27, -891.14, "T", "SMD", "U25_24", "", "R", 59.05, 35.43, 0, 180],
		[243, "U25_25", 183.27, -841.14, "T", "SMD", "U25_25", "", "R", 59.05, 35.43, 0, 180],
		[244, "U25_26", 182.09, -791.14, "T", "SMD", "U25_26", "", "R", 59.05, 35.43, 0, 180],
		[245, "U25_27", 132.88, -721.65, "T", "SMD", "IO0", "", "R", 59.05, 35.43, 0, 270],
		[246, "U25_28", 82.88, -721.65, "T", "SMD", "U25_28", "", "R", 59.05, 35.43, 0, 270],
		[247, "U25_29", 32.88, -721.65, "T", "SMD", "U25_29", "", "R", 59.05, 35.43, 0, 270],
		[248, "U25_30", -17.12, -721.65, "T", "SMD", "U25_30", "", "R", 59.05, 35.43, 0, 270],
		[249, "U25_31", -67.12, -721.65, "T", "SMD", "U25_31", "", "R", 59.05, 35.43, 0, 270],
		[250, "U25_32", -117.12, -721.65, "T", "SMD", "TCK", "", "R", 59.05, 35.43, 0, 270],
		[251, "U25_33", -167.12, -721.65, "T", "SMD", "TDO", "", "R", 59.05, 35.43, 0, 270],
		[252, "U25_34", -217.12, -721.65, "T", "SMD", "TDI", "", "R", 59.05, 35.43, 0, 270],
		[253, "U25_35", -267.12, -721.65, "T", "SMD", "TMS", "", "R", 59.05, 35.43, 0, 270],
		[254, "U25_36", -317.12, -721.65, "T", "SMD", "RX", "", "R", 59.05, 35.43, 0, 270],
		[255, "U25_37", -367.12, -721.65, "T", "SMD", "TX", "", "R", 59.05, 35.43, 0, 270],
		[256, "U25_38", -417.12, -721.65, "T", "SMD", "ESP32SCL", "", "R", 59.05, 35.43, 0, 270],
		[257, "U25_39", -467.12, -721.65, "T", "SMD", "U25_39", "", "R", 59.05, 35.43, 0, 270],
		[258, "U25_40", -517.12, -721.65, "T", "SMD", "GND", "GND", "R", 59.05, 35.43, 0, 270],
		[259, "U25_41", -158.06, -1070.08, "T", "SMD", "GND", "GND", "R", 35.43, 35.43, 0, 180],
		[260, "U25_41", -158.06, -1125.2, "T", "SMD", "GND", "GND", "R", 35.43, 35.43, 0, 180],
		[261, "U25_41", -158.06, -1180.32, "T", "SMD", "GND", "GND", "R", 35.43, 35.43, 0, 180],
		[262, "U25_41", -268.3, -1180.32, "T", "SMD", "GND", "GND", "R", 35.43, 35.43, 0, 180],
		[263, "U25_41", -268.3, -1125.2, "T", "SMD", "GND", "GND", "R", 35.43, 35.43, 0, 180],
		[264, "U25_41", -268.3, -1070.08, "T", "SMD", "GND", "GND", "R", 35.43, 35.43, 0, 180],
		[265, "U25_41", -213.18, -1070.08, "T", "SMD", "GND", "GND", "R", 35.43, 35.43, 0, 180],
		[266, "U25_41", -213.18, -1180.32, "T", "SMD", "GND", "GND", "R", 35.43, 35.43, 0, 180],
		[267, "U25_41", -213.18, -1125.2, "T", "SMD", "GND", "GND", "R", 35.43, 35.43, 0, 180],
		[268, "USART_1", 434.25, -2207.87, "T", "DIP", "VCC", "", "R", 66.93, 66.93, 43.31, 0],
		[269, "USART_1", 434.25, -2207.87, "B", "DIP", "VCC", "", "R", 66.93, 66.93, 43.31, 0],
		[270, "USART_2", 534.25, -2207.87, "T", "DIP", "PB0/USART1RX", "", "C", 66.93, 66.93, 43.31, 0],
		[271, "USART_2", 534.25, -2207.87, "B", "DIP", "PB0/USART1RX", "", "C", 66.93, 66.93, 43.31, 0],
		[272, "USART_3", 634.25, -2207.87, "T", "DIP", "PA1/USART1TX", "", "C", 66.93, 66.93, 43.31, 0],
		[273, "USART_3", 634.25, -2207.87, "B", "DIP", "PA1/USART1TX", "", "C", 66.93, 66.93, 43.31, 0],
		[274, "USART_4", 734.25, -2207.87, "T", "DIP", "GND", "GND", "C", 66.93, 66.93, 43.31, 0],
		[275, "USART_4", 734.25, -2207.87, "B", "DIP", "GND", "GND", "C", 66.93, 66.93, 43.31, 0],
		[276, "USB_1", 1018.5, -1753.74, "T", "DIP", "+5VIN", "", "C", 62.99, 62.99, 39.37, 0],
		[277, "USB_1", 1018.5, -1753.74, "B", "DIP", "+5VIN", "", "C", 62.99, 62.99, 39.37, 0],
		[278, "USB_2", 1116.93, -1753.74, "T", "DIP", "D-", "", "C", 62.99, 62.99, 39.37, 0],
		[279, "USB_2", 1116.93, -1753.74, "B", "DIP", "D-", "", "C", 62.99, 62.99, 39.37, 0],
		[280, "USB_3", 1195.67, -1753.74, "T", "DIP", "D+", "", "C", 62.99, 62.99, 39.37, 0],
		[281, "USB_3", 1195.67, -1753.74, "B", "DIP", "D+", "", "C", 62.99, 62.99, 39.37, 0],
		[282, "USB_4", 1294.09, -1753.74, "T", "DIP", "GND", "GND", "C", 62.99, 62.99, 39.37, 0],
		[283, "USB_4", 1294.09, -1753.74, "B", "DIP", "GND", "GND", "C", 62.99, 62.99, 39.37, 0],
		[284, "USB_5", 897.64, -1860.43, "T", "DIP", "GND", "GND", "C", 129.92, 129.92, 98.43, 0],
		[285, "USB_5", 897.64, -1860.43, "B", "DIP", "GND", "GND", "C", 129.92, 129.92, 98.43, 0],
		[286, "USB_6", 1414.96, -1860.43, "T", "DIP", "GND", "GND", "C", 129.92, 129.92, 98.43, 0],
		[287, "USB_6", 1414.96, -1860.43, "B", "DIP", "GND", "GND", "C", 129.92, 129.92, 98.43, 0],
		[288, "wb0_32khz_1", 385.63, -615, "T", "SMD", "OSC32IN", "", "R", 41.34, 66.93, 0, 270],
		[289, "wb0_32khz_2", 385.63, -715.4, "T", "SMD", "OSC32OUT", "", "R", 41.34, 66.93, 0, 270]
	]
}
}